{"train_acc": [0.12941999733448029], "test_acc": [0.13179999589920044]}