{"train_acc": [0.13016000390052795], "test_acc": [0.13330000638961792]}