{"train_acc": [0.19516000151634216], "test_acc": [0.23750001192092896]}