{"train_acc": [0.18682000041007996], "test_acc": [0.22850000858306885]}