{"train_acc": [0.15404000878334045], "test_acc": [0.1793999969959259]}