{"train_acc": [0.16133999824523926], "test_acc": [0.18980000913143158]}