{"train_acc": [0.12783999741077423], "test_acc": [0.12970000505447388]}