{"train_acc": [0.1673000156879425], "test_acc": [0.1989000141620636]}