{"train_acc": [0.13568000495433807], "test_acc": [0.14640000462532043]}