{"train_acc": [0.17715999484062195], "test_acc": [0.21530000865459442]}