{"train_acc": [0.13925999402999878], "test_acc": [0.1527000069618225]}