{"train_acc": [0.1546199917793274], "test_acc": [0.18000000715255737]}