{"train_acc": [0.14550000429153442], "test_acc": [0.1613999903202057]}