{"train_acc": [0.19915999472141266], "test_acc": [0.24379998445510864]}