{"train_acc": [0.17947998642921448], "test_acc": [0.21890000998973846]}