{"train_acc": [0.1716800034046173], "test_acc": [0.20579999685287476]}