{"train_acc": [0.3299599885940552, 0.4233599901199341, 0.45527997612953186, 0.4816800057888031, 0.5029199719429016, 0.5226000547409058, 0.5422400236129761, 0.5532399415969849, 0.5642399787902832, 0.5627999901771545, 0.5706800222396851, 0.5849199891090393, 0.5896399617195129, 0.5959199666976929, 0.6002399921417236, 0.605679988861084, 0.6111599802970886, 0.6088399887084961, 0.6162000298500061, 0.6177199482917786, 0.6203200221061707, 0.6267200112342834, 0.6223200559616089, 0.6274399757385254, 0.6329599618911743, 0.629040002822876, 0.6330000162124634, 0.6296800374984741, 0.6402000188827515, 0.6392799615859985, 0.6478800177574158, 0.6456000208854675, 0.6431199908256531, 0.6429999470710754, 0.6445599794387817, 0.6481199264526367, 0.6492400169372559, 0.6509599685668945, 0.6477600336074829, 0.6522799730300903, 0.6535999774932861, 0.6577199697494507, 0.6566799879074097, 0.6613600254058838, 0.6564000248908997, 0.6621999740600586, 0.6577200293540955, 0.662600040435791, 0.6610000133514404, 0.6632800102233887], "test_acc": [0.4151000380516052, 0.42090001702308655, 0.46869999170303345, 0.4919000267982483, 0.5095000267028809, 0.5205000638961792, 0.5501999855041504, 0.5522000193595886, 0.5719000101089478, 0.5683000087738037, 0.568600058555603, 0.5870000123977661, 0.5934000015258789, 0.5936999917030334, 0.6043000221252441, 0.6101999878883362, 0.6092000007629395, 0.6078000068664551, 0.6105000376701355, 0.6177999973297119, 0.6151000261306763, 0.6211000084877014, 0.6186000108718872, 0.6287000179290771, 0.618399977684021, 0.6155999898910522, 0.6309999823570251, 0.6210000514984131, 0.641200065612793, 0.6395999789237976, 0.6394000053405762, 0.6380000114440918, 0.641700029373169, 0.6403000354766846, 0.6456000208854675, 0.6470000743865967, 0.6446000337600708, 0.6406000256538391, 0.6482999920845032, 0.6452000141143799, 0.6480000019073486, 0.6496999859809875, 0.643500030040741, 0.6437000036239624, 0.6499999761581421, 0.656499981880188, 0.6520000100135803, 0.6545000076293945, 0.6585999727249146, 0.6599000692367554]}