{"train_acc": [0.13120000064373016], "test_acc": [0.1363999992609024]}