{"train_acc": [0.16484001278877258], "test_acc": [0.1964000016450882]}