{"train_acc": [0.14640000462532043], "test_acc": [0.163100004196167]}