{"train_acc": [0.1313599944114685], "test_acc": [0.13680000603199005]}