{"train_acc": [0.1497800052165985], "test_acc": [0.1721000075340271]}