{"train_acc": [0.1906599998474121], "test_acc": [0.23500001430511475]}