{"train_acc": [0.1757200062274933], "test_acc": [0.211899995803833]}