{"train_acc": [0.13043999671936035], "test_acc": [0.13459999859333038]}