{"train_acc": [0.1582999974489212], "test_acc": [0.18410000205039978]}