{"train_acc": [0.13220000267028809], "test_acc": [0.13910000026226044]}