{"train_acc": [0.18163999915122986], "test_acc": [0.22089999914169312]}