{"train_acc": [0.1272599995136261], "test_acc": [0.12890000641345978]}