{"train_acc": [0.14258000254631042], "test_acc": [0.15810000896453857]}