{"train_acc": [0.25200000405311584, 0.4000000059604645, 0.4306666851043701, 0.4426667094230652, 0.5053333044052124, 0.4866666793823242, 0.492000013589859, 0.54666668176651, 0.5066666603088379, 0.5533333420753479, 0.5826666355133057, 0.5693333148956299, 0.5853333473205566, 0.5706666707992554, 0.5800000429153442, 0.5880000591278076, 0.6293333172798157, 0.6293333768844604, 0.6146667003631592, 0.6026666760444641, 0.6119999885559082, 0.6133333444595337, 0.6080000400543213, 0.6613333225250244, 0.6586666703224182, 0.6679999828338623, 0.6679999828338623, 0.6413333415985107, 0.6466666460037231, 0.6706666946411133, 0.6520000696182251, 0.6666666865348816, 0.6506665945053101, 0.6440000534057617, 0.6773332953453064, 0.6480000019073486, 0.6733333468437195, 0.6559999585151672, 0.628000020980835, 0.6680000424385071], "test_acc": [0.3773000240325928, 0.46619999408721924, 0.5169000029563904, 0.5490000247955322, 0.5723000168800354, 0.5936000347137451, 0.6119999885559082, 0.6251999735832214, 0.6381999850273132, 0.648300051689148, 0.6565999984741211, 0.6563000679016113, 0.6700999736785889, 0.6741999983787537, 0.6766999959945679, 0.6820000410079956, 0.6832000017166138, 0.694100022315979, 0.6898000240325928, 0.6935999989509583, 0.6985000371932983, 0.7031999826431274, 0.704200029373169, 0.7105000019073486, 0.7129999995231628, 0.71670001745224, 0.7134000062942505, 0.7200000286102295, 0.7199000120162964, 0.7269999980926514, 0.7278000116348267, 0.7290000319480896, 0.7289000749588013, 0.7287999987602234, 0.7337000370025635, 0.7300000190734863, 0.7331000566482544, 0.7357000112533569, 0.7389000058174133, 0.7354000806808472]}