{"train_acc": [0.19949999451637268, 0.3294999897480011, 0.4050000011920929, 0.4298332929611206, 0.4429999887943268, 0.468833327293396, 0.4936666488647461, 0.4898333251476288, 0.5060000419616699, 0.5475000143051147, 0.5383332967758179, 0.5609999895095825, 0.5458333492279053, 0.5590000152587891, 0.5771666765213013, 0.590499997138977, 0.5691666603088379, 0.5860000252723694, 0.6028333306312561, 0.6071666479110718, 0.6031666994094849, 0.5983333587646484, 0.6054999828338623, 0.6244999766349792, 0.6154999732971191, 0.6303333640098572, 0.6306666731834412, 0.624666690826416, 0.6376667022705078, 0.6256666779518127, 0.6421666741371155, 0.6376667022705078, 0.6526666879653931, 0.653333306312561, 0.6514999866485596, 0.6634999513626099, 0.6539999842643738, 0.6510000228881836, 0.6701666712760925, 0.6601666808128357, 0.6481666564941406, 0.6646666526794434, 0.6768333911895752, 0.6788333654403687, 0.6744999885559082, 0.6706666946411133, 0.6688333749771118, 0.6818333268165588, 0.6778333187103271, 0.6764999628067017, 0.6875, 0.6888333559036255, 0.6806666851043701, 0.6998333930969238, 0.690166711807251, 0.6981666088104248, 0.6803333163261414, 0.6958333253860474, 0.6896666884422302, 0.699999988079071, 0.6856666803359985, 0.6956666707992554, 0.7136666774749756, 0.6913332939147949, 0.7005000114440918, 0.7108333110809326, 0.7020000219345093, 0.6986666321754456, 0.703666627407074, 0.6989999413490295, 0.715499997138977, 0.7059999704360962, 0.7046666741371155, 0.7125000357627869, 0.7029999494552612, 0.7128333449363708, 0.6931666135787964, 0.703166663646698, 0.7148333787918091, 0.7093333601951599, 0.706333339214325, 0.7099999785423279, 0.7196666598320007, 0.7098333835601807, 0.7076666951179504, 0.7083333134651184, 0.7193333506584167, 0.7121666669845581, 0.7106667160987854, 0.7203333377838135, 0.7114999890327454, 0.7253333330154419, 0.7221666574478149, 0.7173333168029785, 0.7118333578109741, 0.718166708946228, 0.721666693687439, 0.7235000133514404, 0.7241666316986084, 0.7170000076293945], "test_acc": [0.21070000529289246, 0.382099986076355, 0.4145999848842621, 0.44020000100135803, 0.46470001339912415, 0.48559999465942383, 0.4919000267982483, 0.5101000070571899, 0.48669999837875366, 0.5235000252723694, 0.5520000457763672, 0.5494999885559082, 0.5565999746322632, 0.5620999932289124, 0.5651000142097473, 0.5690000057220459, 0.5563000440597534, 0.58160001039505, 0.5760999917984009, 0.5834000110626221, 0.5934000015258789, 0.5714000463485718, 0.6022999882698059, 0.5940999984741211, 0.5979000329971313, 0.604200005531311, 0.6109999418258667, 0.6198999881744385, 0.6238999962806702, 0.6210999488830566, 0.6247999668121338, 0.6310000419616699, 0.6211000084877014, 0.6313999891281128, 0.6363999843597412, 0.6340000629425049, 0.6435999870300293, 0.6396999955177307, 0.6432999968528748, 0.6414999961853027, 0.6534000039100647, 0.6568000316619873, 0.6527000069618225, 0.6541000008583069, 0.6598000526428223, 0.6632000207901001, 0.6648999452590942, 0.6647000312805176, 0.6549000144004822, 0.6680999994277954, 0.6751000285148621, 0.6757000088691711, 0.6757999658584595, 0.6776000261306763, 0.6786999702453613, 0.6793000102043152, 0.679099977016449, 0.6794000267982483, 0.6820000410079956, 0.6820999979972839, 0.6834999918937683, 0.6847000122070312, 0.6864999532699585, 0.6854000091552734, 0.6873999834060669, 0.6863000392913818, 0.6873999834060669, 0.688200056552887, 0.6886000037193298, 0.6890000104904175, 0.6893000602722168, 0.6897000074386597, 0.6919000148773193, 0.690500020980835, 0.6913000345230103, 0.6912000179290771, 0.6924000382423401, 0.6895999908447266, 0.6927000284194946, 0.694100022315979, 0.6927000284194946, 0.6915000677108765, 0.6920000314712524, 0.6938999891281128, 0.6948000192642212, 0.6951999664306641, 0.6940000057220459, 0.6933000087738037, 0.694100022315979, 0.6970000267028809, 0.6952999830245972, 0.6962000131607056, 0.6960000395774841, 0.6967999935150146, 0.6991000175476074, 0.6992000341415405, 0.7005000114440918, 0.7010000348091125, 0.7023000121116638, 0.7001999616622925]}