{"train_acc": [0.13804000616073608], "test_acc": [0.1511000096797943]}