{"train_acc": [0.19398000836372375], "test_acc": [0.23590001463890076]}