{"train_acc": [0.12880000472068787], "test_acc": [0.13099999725818634]}