{"train_acc": [0.13434000313282013], "test_acc": [0.14230000972747803]}