{"train_acc": [0.18132001161575317], "test_acc": [0.22060000896453857]}