{"train_acc": [0.14070001244544983], "test_acc": [0.155100017786026]}