{"train_acc": [0.12836000323295593], "test_acc": [0.13010001182556152]}