{"train_acc": [0.1328200101852417], "test_acc": [0.1396999955177307]}