{"train_acc": [0.3158468008041382, 0.425383061170578, 0.47173386812210083, 0.5037903785705566, 0.5247177481651306], "test_acc": [0.3720000386238098, 0.4374000132083893, 0.4677000045776367, 0.4925000071525574, 0.5119999647140503]}